{"map_id": "ml_new", "time_taken": 390.02024602890015, "num_resources": 92, "num_topics": 67, "num_levels": 10, "X_Axis": {"volume_range": {"min_volume": 204.4465789794922, "max_volume": 660.6829223632812}, "interval": 6.82089552238806, "start": 28.008653696786272, "end": 35.33061261583443}, "Y_Axis": {"volume_range": {"min_volume": 22.579938888549805, "max_volume": 1011.9083862304688}, "interval": 99.0, "start": 0.0058579685712100765, "end": 9.999074608388575}, "results": "/f/cmaps_output/ml_new/cmaps"}