{"map_id": "nlp_maps", "time_taken": 5.252061128616333, "num_resources": 302, "num_topics": 86, "num_levels": 10, "X_Axis": {"volume_range": {"min_volume": 320.3789467086227, "max_volume": 992.9032662215614}, "interval": 7.825581395348837, "start": 13.454436432702018, "end": 22.23379540815487}, "Y_Axis": {"volume_range": {"min_volume": 127.62372589111328, "max_volume": 719.9720458984375}, "interval": 59.3, "start": 0.010518143189096276, "end": 9.999528598624565}, "results": "/mnt/f/cmaps_output/nlp_maps/cmaps"}